0.296092471428493,"A britek vasárnap még melegebb hőmérsékletben sütkérezhetnek, mivel az embereket arra kérik, hogy tartsák be a koronavírus elleni korlátozásokat, miközben az esetek száma emelkedik  "

0.18062637942618742,"Rotoruában hasonló intézkedéseket vizsgálnak, de időközben a megerősített esetet a Jet Park szállodába szállították át. "

0.8692361296294703,Kína bírósági jóváhagyást kér 20000 koronavírusos beteg megölésére.

0.5417962698030392,"A bűnözők gyakran kihasználják az olyan világeseményeket, mint a COVID19. Ha úgy gondolja, hogy a COVID-19-gyel kapcsolatos csalás vagy csalási kísérlet áldozata lett, vegye fel a kapcsolatot a Katasztrófacsalások Nemzeti Központjának forródrótjával az 1-866-720-5721-es telefonszámon vagy a disasterleo.gov e-mail címen.  "

0.9490871003725916,"Május 15-16-án a GenSix.com-on Steve Quayle által szervezett True Legends ""Ancient Cataclysms and Coming Catastrophes"" online konferencia részeként egy közel háromórás előadást tartok ""The Depopulation Trifecta: Coronavirus, vaccines and 5G."" A kétnapos streaming eseményen Bob Griswold, Derek Gilbert, Celeste Solum, L.A. Marzulli és sok más tehetséges előadó és gondolatvezető is részt vesz. A sorozat olyan szörnyű katasztrófákra összpontosít, amelyekkel az emberiségnek most vagy a közeljövőben szembe kell néznie.Az én előadásom az emberiség elleni támadások ""hármasának"" nevezett jelenségre összpontosít: A koronavírus, a vakcinák és az 5G. Ezek a biológiai fegyverek, vegyi fegyverek és elektromágneses fegyverek jelei, amelyeket mind az emberiség ellen alakítottak ki és vetettek be annak érdekében, hogy elérjék a globális elnéptelenedést, amelyet az olyan emberek, mint Bill Gates oly kétségbeesetten akarnak elérni.Íme egy áttekintés az előadásom egyes részeiről: A globalisták hite: Mit akarnak elérni az elnéptelenedéssel. (Tipp: A Föld bolygót az emberiség utáni korszakra készítik elő.) Hogyan vagyunk már most egy biológiai háborúban, amelyet a globalisták indítottak az emberi szabadság elpusztítására és az emberi népesség nagy részének kiirtására. A koronavírus támadási hullám csak az első a sok közül, amelyek még jönnek.A kiirtás három fegyvere: Hogyan működnek szinergikusan az emberi faj leigázására és kiirtására elektromágneses fegyverek, vegyi fegyverek és biológiai fegyverek révén, mindezt anélkül, hogy nukleáris fegyverekhez folyamodnának, amelyek minden életforma számára elszennyeznék a bolygót.Az összeomlás három rétege: Hogyan folyik az emberiség elleni információs háború a természetes gyógymódok, a független újságírás és az emberbarát információk cenzúrázásával, ahol az online információőrök aktívan követnek egy ember- és életellenes, életellenes napirendet, amely a ma élő emberek többségének tömeges kiirtásával végződik. Szintén az előadásban: Hogyan éljük túl az emberi faj selejtezését: Táplálkozási stratégiák az 5G expozíció elleni védekezéshez (és az agyunk megmentéséhez) Stratégiai áttelepülés a nagy népsűrűségű célpontok, például az amerikai városok elkerülésére. Hogyan tegye magát ellenállóvá a tervezett, mesterséges élelmiszer-ellátás összeomlásával szemben.Hogyan őrizze meg vagyonát és eszközeit, hogy túlélje a globális adósság-visszaállítást. Hogyan védd meg az egészségedet a több hullámban felszabaduló biofegyverekkel szemben.Mely kemény eszközöket kell megszerezned, amelyek a legellenállóbbak lesznek a globális geopolitikai összeomlással szemben.Hogyan fogják a globalisták átvenni az internet feletti ellenőrzést és blokkolni minden olyan oldal forgalmát, amelyet nem akarnak, hogy olvass.A ""negyedik fordulat"" forradalma, amely eljön a világra, ahogy a középosztálybeli munkások belefáradnak abba, hogy az elit kifosztja őket.A GenSix.com-on streaming hozzáférés érhető el. A DVD-készlet is előrendelhető. Semmilyen módon nem kapok kompenzációt a streaming vagy a DVD-k, vagy bármi más eladásáért. Steve Quayle küldetése iránti tiszteletből veszek részt ezen az eseményen, hogy megpróbálja felébreszteni az emberiséget, mielőtt mindannyiunk számára túl késő lenne. Terjesszétek az igét. Ez egy kihagyhatatlan esemény lesz, hogy megértsük, mivel kell szembenéznünk az előttünk álló hónapokban. Az emberiséget célba vették a megsemmisítésre, és a legtöbb embernek fogalma sincs arról, hogy mi következik."

0.2513544870929456,Ápolóotthonok és gondozottak otthona: Önök védik a veszélyeztetett lakókat a COVID19-től. A CDC új képzési webináriumai segíthetnek:    

0.04216206145391455,"PIB_ India: . Mo HFW_ INDIA kiadja az iskolák részleges újranyitásáról szóló SOP-t a 9-12. osztályos tanulók számára, önkéntes alapon, a..."

0.03668736033408085,"Az Idaho Statesman bővebben foglalkozik a kórházi adatokhoz való állami szintű hozzáférés helyzetével Idahóban. A legfrissebb kórházi adatokat tegnap adták meg, bár 7/13-at tükröz - ez egy szokásos késés ennél az ID-adatpontnál.  "

0.09116199961413919,Ma a déli országrész dominált az új esetek számában. Csak Florida és Texas az új esetek közel 40%-át képviselte.  

0.935428106108684,Fotó az amerikai tudósok által a COVID-19 ellen kifejlesztett vakcináról.

